{
	"info": {
		"_postman_id": "19462c17-72af-4c31-9d7d-bba8cda5ddf0",
		"name": "udaconnect",
		"schema": "https://schema.getpostman.com/json/collection/v2.1.0/collection.json",
		"_exporter_id": "24640914"
	},
	"item": [
		{
			"name": "http://localhost:30002/api/persons/:person_id",
			"request": {
				"method": "GET",
				"header": [],
				"url": {
					"raw": "http://localhost:30002/api/persons",
					"protocol": "http",
					"host": [
						"localhost"
					],
					"port": "30002",
					"path": [
						"api",
						"persons"
					]
				}
			},
			"response": []
		},
		{
			"name": "http://localhost:30001/api/persons",
			"request": {
				"method": "GET",
				"header": [],
				"url": {
					"raw": "http://localhost:30002/api/persons/:person_id ",
					"protocol": "http",
					"host": [
						"localhost"
					],
					"port": "30002",
					"path": [
						"api",
						"persons",
						":person_id "
					],
					"variable": [
						{
							"key": "person_id ",
							"value": "1"
						}
					]
				}
			},
			"response": []
		},
		{
			"name": "http://localhost:30001/api/locations/:location_id",
			"request": {
				"method": "POST",
				"header": [],
				"body": {
					"mode": "raw",
					"raw": "{\r\n    \"last_name\": \"Trexler\",\r\n    \"company_name\": \"Hampton, Hampton and McQuill\",\r\n    \"id\": 1,\r\n    \"first_name\": \"Pam\"\r\n}",
					"options": {
						"raw": {
							"language": "json"
						}
					}
				},
				"url": {
					"raw": "http://localhost:30001/api/persons",
					"protocol": "http",
					"host": [
						"localhost"
					],
					"port": "30001",
					"path": [
						"api",
						"persons"
					]
				}
			},
			"response": []
		},
		{
			"name": "http://localhost:30001/api/locations",
			"protocolProfileBehavior": {
				"disableBodyPruning": true
			},
			"request": {
				"method": "GET",
				"header": [],
				"body": {
					"mode": "raw",
					"raw": "{\r\n    \"last_name\": \"Trexler\",\r\n    \"company_name\": \"Hampton, Hampton and McQuill\",\r\n    \"id\": 1,\r\n    \"first_name\": \"Pam\"\r\n}",
					"options": {
						"raw": {
							"language": "json"
						}
					}
				},
				"url": {
					"raw": "http://localhost:30001/api/locations/:location_id",
					"protocol": "http",
					"host": [
						"localhost"
					],
					"port": "30001",
					"path": [
						"api",
						"locations",
						":location_id"
					],
					"variable": [
						{
							"key": "location_id",
							"value": "30"
						}
					]
				}
			},
			"response": []
		},
		{
			"name": "http://localhost:30003/api/persons/:person_id/connection?start_date=2020-01-01&end_date=2020-12-30&distance=5",
			"request": {
				"method": "POST",
				"header": [],
				"body": {
					"mode": "raw",
					"raw": "\r\n{\r\n    \"person_id\": 5,\r\n    \"longitude\": \"37.55363\",\r\n    \"creation_time\": \"2020-08-15T10:37:06\",\r\n    \"id\": 30,\r\n    \"latitude\": \"-122.290883\"\r\n}",
					"options": {
						"raw": {
							"language": "json"
						}
					}
				},
				"url": {
					"raw": "http://localhost:30001/api/locations",
					"protocol": "http",
					"host": [
						"localhost"
					],
					"port": "30001",
					"path": [
						"api",
						"locations"
					]
				}
			},
			"response": []
		},
		{
			"name": "http://localhost:30003/api/persons/:person_id/connection?start_date=2020-01-01&end_date=2020-12-30&distance=5",
			"protocolProfileBehavior": {
				"disableBodyPruning": true
			},
			"request": {
				"method": "GET",
				"header": [],
				"body": {
					"mode": "raw",
					"raw": "\r\n{\r\n    \"person_id\": 5,\r\n    \"longitude\": \"37.55363\",\r\n    \"creation_time\": \"2020-08-15T10:37:06\",\r\n    \"id\": 30,\r\n    \"latitude\": \"-122.290883\"\r\n}",
					"options": {
						"raw": {
							"language": "json"
						}
					}
				},
				"url": {
					"raw": "http://localhost:30003/api/persons/:person_id/connection?start_date=2020-01-01&end_date=2020-12-30&distance=5",
					"protocol": "http",
					"host": [
						"localhost"
					],
					"port": "30003",
					"path": [
						"api",
						"persons",
						":person_id",
						"connection"
					],
					"query": [
						{
							"key": "start_date",
							"value": "2020-01-01"
						},
						{
							"key": "end_date",
							"value": "2020-12-30"
						},
						{
							"key": "distance",
							"value": "5"
						}
					],
					"variable": [
						{
							"key": "person_id",
							"value": "1"
						}
					]
				}
			},
			"response": []
		}
	]
}
